Nama;Umur;Kota
Christopher Lam;48;Port Kelsey
;48;Veronicachester
Joseph Valdez Jr.;28;Amandaborough
Pamela Davis;32;Port Jessica
Kenneth Rodriguez;20;
Raymond Miller;29;Justinville
Steven White;39;New Toni
Catherine Patterson;;Michelleton
Ann Ford;44;Janetfurt
Megan Anderson;34;Ingramside
John Kirk;43;Sharonchester
Erin Douglas;24;
David Martin;35;Lake Anthonyville
Noah Munoz;58;Jennifermouth
;38;East Stacy
Joshua Tran;29;North Sheila
Jesse Terry;27;East Jessicastad
Lisa Davis;47;Kariberg
Victoria Hubbard;;South Krista
Sandra Clark;37;North Arthurton
Ruben Garza;52;South Steven
Antonio Acosta;47;West Carolynburgh
;22;Davismouth
Christina Leonard;39;South Meganmouth
James Bullock;30;Port Keithmouth
Lisa Simon;;Amyborough
Lisa Reynolds;27;Ronaldberg
Kristopher Compton;40;Williamsside
Erik Mccall;50;Smithstad
Chad Davis;56;
Holly Johnson;42;Port Jefferymouth
;53;Brooksbury
Sarah Hayes;21;East David
Meagan Harrison;49;Houseport
Anne Curry;;Moorestad
Andrew Martin Jr.;52;Samuelview
Joseph Brown;56;West William
William Martinez;35;New Matthew
Denise Robbins;51;Port Loriside
Kari Finley;35;Tanyaview
Patrick Fuentes;43;Jessemouth
Jennifer Jones;53;North Danielle
Lisa Murphy;41;South Nicoleland
Jose Keller;33;Port Joshuaville
Zachary Escobar;21;Marshville
Jose Evans;53;
Kristine Sanders;21;East Allison
Brittany Hernandez;26;Dylanshire
Justin Flores;37;East Oscarville
Gregory Rivera;22;Jillshire
;45;Gregoryport
Michael Robertson;57;Mollyfurt
Jacob Walker;40;Tammyberg
Elizabeth Shah;51;Michaelchester
Jacob Phelps;39;West Matthew
Gregory Evans;39;Sharonburgh
Gloria Harrison;37;East Stephanieton
Kimberly Harrell;33;Maryside
Tim Fry;37;Sanchezberg
Glenn Stephens;58;North Andreachester
Steven Smith;20;Adamchester
Joanna Zavala;28;Taylorfurt
Allison Clark;44;East Nancy
Kristin Reyes;49;Charlesville
Maria Luna;54;New Williamville
Stephanie Lee;21;Lake Jennifer
Kevin Marsh;23;Harrisborough
Stephanie Greene;23;Port Andrew
Susan Stewart;30;Christineborough
Spencer Martinez;;Mannbury
Stephanie Henry;41;Whitneyview
Jessica Young;55;New Kimberlymouth
Micheal Dunn;40;Escobarburgh
Richard Smith;25;Lopezton
Ariel Reid;57;South Raymondfort
Ryan Reyes;46;Ramosfurt
Connie Reyes;21;Jeffreyville
Beth Guzman;44;West Peter
Philip Fritz;57;
Andrea Mann;27;West Noahfort
Erika Malone PhD;32;Nathanside
Gregg Williams;28;West Kimberlyberg
Jerome Ford;21;South Christina
Diane Stevenson;44;South Matthew
Emily Cohen;18;South Daniel
Ashley Guerra;54;Kimland
Patricia Rivers;33;Port Vincentshire
;44;Michaelmouth
Terri Martin;22;Jeffreyhaven
Samantha Miller;46;South Anne
Joseph Jones;50;Joshuafort
Michael Richards;56;North Sherriburgh
Mallory White;43;Gregborough
Kimberly Johnson;57;Nathanshire
Ariel Evans;54;East Jessicachester
Eric Odom;21;New Anthony
;18;North Amber
Katherine Scott;23;Monicamouth
David Strong;46;Smithfort
Adam Parker;20;Danielleborough
John Carter;57;South Duane
Samuel Brooks;39;Stephanietown
Darren Daniels;50;Jamesland
Mrs. Patricia Jenkins MD;43;Buckleyfort
Daniel Wood;21;
Rhonda Payne;56;Jamesburgh
Heather Mercado;22;North Russell
James Freeman;39;Pearsonmouth
Morgan Martinez;;Port Ashley
Harry Mendoza;39;Jessefort
Edward Williams;31;Sweeneychester
Kimberly Ward;51;Callahanborough
David Sims;25;West Kimberlyview
Sarah Wilson DVM;47;
Michael Taylor;54;Hammondmouth
Jeremiah Watkins;39;South Feliciachester
Angelica Castillo;24;Lake David
David James;56;Millerburgh
Larry Woods;24;Edwardport
Rebecca Scott;38;West Rebecca
;42;New Cheyenneburgh
Katrina Downs;58;Frazierport
Robert Lucas;23;Anthonychester
Roger Harrell;35;New Michaelview
Devin Cowan;55;New Sara
Troy Torres;54;Port Kayla
Randall Vazquez;;Alfredtown
Larry Perkins;47;Port Steven
Mrs. Priscilla Greer;58;Davisborough
Roger Thompson;20;New Jeromeborough
Jose Johnson;47;Dianeborough
Patrick Jackson;26;Smithville
Jennifer Chang;40;Grahamshire
Alexandria Perkins;41;Port Alexandraborough
Randall Pierce;34;East Whitney
Brittney Jackson;40;Webbchester
Shawn Wright;18;Kleinmouth
Danielle Schneider;44;Robinbury
Brittany Crawford;26;Froststad
Amber Rollins;40;South Heatherberg
Alexander Martinez;57;Port Brandon
Mitchell Cole;56;Thomaston
Brian Hunter;59;
Meredith Mendez;53;Adrianstad
Jill Hoffman;35;West Tommymouth
Paul Boyer;45;South Barbaraberg
;31;Lake Michaelshire
Elizabeth Suarez;38;Lake Jay
Lisa Wilson;31;Caseyport
Kimberly Vega;;Lake Natashastad
